{"cameraMode":{"drawMode":0,"name":"Shaded","section":"Shading Mode"},"sceneLighting":true,"audioPlay":false,"sceneViewState":{"m_AlwaysRefresh":false,"showFog":true,"showSkybox":true,"showFlares":true,"showImageEffects":true,"showParticleSystems":true,"showVisualEffectGraphs":true,"m_FxEnabled":true},"in2DMode":false,"pivot":{"x":-0.5698426365852356,"y":0.3938714861869812,"z":3.1581344604492189},"rotation":{"x":-0.024289647117257119,"y":0.03807731345295906,"z":-0.00092592544388026,"w":-0.9989789128303528},"size":5.960250377655029,"orthographic":false}